Name,Team,Position
Shaun Hill,DET,QB
Kyle Orton,DAL,QB
Derek Anderson,CAR,QB
Chase Daniel,NOR,QB
Aaron Rodgers,GNB,QB
Peyton Manning,DEN,QB
Alex Smith,SFO,QB
Robert Griffin III,WAS,QB
Kirk Cousins,WAS,QB
Russell Wilson,SEA,QB
Matt Ryan,ATL,QB
Tom Brady,NWE,QB
Colin Kaepernick,SFO,QB
Ben Roethlisberger,PIT,QB
Matt Moore,MIA,QB
Drew Brees,NOR,QB
Trent Edwards,PHI,QB
Matt Schaub,HOU,QB
Tony Romo,DAL,QB
Philip Rivers,SDG,QB
Joe Flacco,BAL,QB
Andy Dalton,CIN,QB
Eli Manning,NYG,QB
Cam Newton,CAR,QB
Kevin Kolb,ARI,QB
Carson Palmer,OAK,QB
Colt McCoy,CLE,QB
Tim Tebow,NYJ,QB
David Carr,NYG,QB
Ryan Fitzpatrick,BUF,QB
Thaddeus Lewis,CLE,QB
Sam Bradford,STL,QB
Josh Freeman,TAM,QB
Jay Cutler,CHI,QB
Christian Ponder,MIN,QB
Matt Hasselbeck,TEN,QB
Rusty Smith,TEN,QB
Dan Orlovsky,TAM,QB
Matt Flynn,SEA,QB
Matthew Stafford,DET,QB
Greg McElroy,NYJ,QB
Nick Foles,PHI,QB
Michael Vick,PHI,QB
Blaine Gabbert,JAC,QB
Tyler Thigpen,BUF,QB
Andrew Luck,IND,QB
Ryan Tannehill,MIA,QB
Jake Locker,TEN,QB
Jason Campbell,CHI,QB
Brandon Weeden,CLE,QB
Chad Henne,JAC,QB
Terrelle Pryor,OAK,QB
Mark Sanchez,NYJ,QB
Matt Cassel,KAN,QB
Brian Hoyer,ARI,QB
Charlie Batch,PIT,QB
Bruce Gradkowski,CIN,QB
Graham Harrell,GNB,QB
Tyrod Taylor,BAL,QB
Brady Quinn,KAN,QB
Brock Osweiler,DEN,QB
John Skelton,ARI,QB
Byron Leftwich,PIT,QB
Ryan Lindley,ARI,QB
Matt Leinart,OAK,QB
Kellen Clemens,STL,QB
T.J. Yates,HOU,QB
Ryan Mallett,NWE,QB
Joe Webb,MIN,QB
Luke McCown,ATL,QB
Josh Johnson,CLE,QB
Tarvaris Jackson,BUF,QB
Adrian Peterson,MIN,RB
Alfred Morris,WAS,RB
Marshawn Lynch,SEA,RB
Jamaal Charles,KAN,RB
Doug Martin,TAM,RB
Arian Foster,HOU,RB
Stevan Ridley,NWE,RB
C.J. Spiller,BUF,RB
Chris Johnson,TEN,RB
Frank Gore,SFO,RB
Ray Rice,BAL,RB
BenJarvus Green-Ellis,CIN,RB
Matt Forte,CHI,RB
Shonn Greene,NYJ,RB
Steven Jackson,STL,RB
Ahmad Bradshaw,NYG,RB
Reggie Bush,MIA,RB
Trent Richardson,CLE,RB
LeSean McCoy,PHI,RB
Vick Ballard,IND,RB
Michael Turner,ATL,RB
Mikel Leshoure,DET,RB
DeAngelo Williams,CAR,RB
Willis McGahee,DEN,RB
Darren McFadden,OAK,RB
Ryan Mathews,SDG,RB
DeMarco Murray,DAL,RB
Jonathan Dwyer,PIT,RB
Mark Ingram,NOR,RB
Bryce Brown,PHI,RB
Bernard Pierce,BAL,RB
Knowshon Moreno,DEN,RB
Daryl Richardson,STL,RB
Pierre Thomas,NOR,RB
Alex Green,GNB,RB
Bilal Powell,NYJ,RB
Fred Jackson,BUF,RB
Donald Brown,IND,RB
Maurice Jones-Drew,JAC,RB
Joique Bell,DET,RB
Michael Bush,CHI,RB
Isaac Redman,PIT,RB
Felix Jones,DAL,RB
Andre Brown,NYG,RB
Justin Forsett,HOU,RB
Kendall Hunter,SFO,RB
Jacquizz Rodgers,ATL,RB
David Wilson,NYG,RB
LaRod Stephens-Howling,ARI,RB
Robert Turbin,SEA,RB
Jonathan Stewart,CAR,RB
Ronnie Hillman,DEN,RB
Daniel Thomas,MIA,RB
Jackie Battle,SDG,RB
Peyton Hillis,KAN,RB
Danny Woodhead,NWE,RB
Rashad Jennings,JAC,RB
Ben Tate,HOU,RB
Brandon Bolden,NWE,RB
Montario Hardesty,CLE,RB
Marcel Reece,OAK,RB
Cedric Peerman,CIN,RB
James Starks,GNB,RB
Shane Vereen,NWE,RB
Lamar Miller,MIA,RB
Cedric Benson,GNB,RB
Darren Sproles,NOR,RB
Beanie Wells,ARI,RB
Shaun Draughn,KAN,RB
Mike Goodson,OAK,RB
Ronnie Brown,SDG,RB
William Powell,ARI,RB
Chris Ivory,NOR,RB
Montell Owens,JAC,RB
Tashard Choice,BUF,RB
Mike Tolbert,CAR,RB
Rashard Mendenhall,PIT,RB
Joe McKnight,NYJ,RB
Toby Gerhart,MIN,RB
Ryan Williams,ARI,RB
Lance Ball,DEN,RB
DuJuan Harris,GNB,RB
LeGarrette Blount,TAM,RB
Jalen Parmele,JAC,RB
Kevin Smith,DET,RB
Ryan Grant,GNB,RB
LaMichael James,SFO,RB
Armando Allen,CHI,RB
Delone Carter,IND,RB
Curtis Brinkley,SDG,RB
Brian Leonard,CIN,RB
Chris Rainey,PIT,RB
Jeremy Stewart,OAK,RB
Richard Murphy,JAC,RB
Evan Royster,WAS,RB
Leon Washington,SEA,RB
Jacob Hester,DEN,RB
Anthony Dixon,SFO,RB
Kahlil Bell,CHI,RB
Lance Dunbar,DAL,RB
Keith Toston,JAC,RB
Dion Lewis,PHI,RB
Jason Snelling,ATL,RB
John Kuhn,GNB,RB
Phillip Tanner,DAL,RB
Anthony Allen,BAL,RB
Darrel Young,WAS,RB
Isaiah Pead,STL,RB
Brandon Jackson,CLE,RB
D.J. Ware,TAM,RB
Michael Robinson,SEA,RB
Baron Batch,PIT,RB
Cyrus Gray,KAN,RB
Kregg Lumpkin,NYG,RB
Le'Ron McClain,SDG,RB
Bernard Scott,CIN,RB
Johnny White,BUF,RB
Lex Hilliard,NWE,RB
Darius Reynaud,TEN,RB
Vonta Leach,BAL,RB
Chris Ogbonnaya,CLE,RB
Jamie Harper,TEN,RB
Stanley Havili,PHI,RB
Taiwan Jones,OAK,RB
Mewelde Moore,IND,RB
Henry Hynoski,NYG,RB
Collin Mooney,TEN,RB
Nate Eachus,KAN,RB
Bruce Miller,SFO,RB
Stefan Logan,DET,RB
Javon Ringer,TEN,RB
Jorvorskie Lane,MIA,RB
Lawrence Vickers,DAL,RB
Matt Asiata,MIN,RB
Da'Rel Scott,NYG,RB
Greg Jones,JAC,RB
Marcus Thigpen,MIA,RB
Jordan Todman,JAC,RB
Will Johnson,PIT,RB
Brandon Jacobs,SFO,RB
Jonathan Grimes,NYJ,RB
James Casey,HOU,RB
Quinn Johnson,TEN,RB
Daniel Herron,CIN,RB
Robert Hughes,IND,RB
Travaris Cadet,NOR,RB
Keiland Williams,DET,RB
Roy Helu,WAS,RB
Owen Schmitt,OAK,RB
Lousaka Polite,ATL,RB
Corey McIntyre,BUF,RB
Mike Cox,ATL,RB
Chris Pressley,CIN,RB
Jed Collins,NOR,RB
Shaun Chapas,DET,RB
Jerome Felton,MIN,RB
Antone Smith,ATL,RB
John Conner,CIN,RB
Brit Miller,STL,RB
Rhett Ellison,MIN,RB
Owen Marecic,CLE,RB
Reagan Maui'a,ARI,RB
Alfonso Smith,ARI,RB
Brandon Saine,GNB,RB
Armond Smith,CAR,RB
Anthony Sherman,ARI,RB
Tyler Clutts,HOU,RB
Will Ta'ufo'ou,JAC,RB
Evan Rodriguez,CHI,RB
Erik Lorig,TAM,RB
Patrick DiMarco,KAN,RB
Chris Gronkowski,DEN,RB
Dorin Dickerson,BUF,RB
Calvin Johnson,DET,WR
Andre Johnson,HOU,WR
Brandon Marshall,CHI,WR
Demaryius Thomas,DEN,WR
Vincent Jackson,TAM,WR
Dez Bryant,DAL,WR
Reggie Wayne,IND,WR
Wes Welker,NWE,WR
Roddy White,ATL,WR
A.J. Green,CIN,WR
Julio Jones,ATL,WR
Steve Smith,CAR,WR
Marques Colston,NOR,WR
Michael Crabtree,SFO,WR
Victor Cruz,NYG,WR
Brian Hartline,MIA,WR
Eric Decker,DEN,WR
Stevie Johnson,BUF,WR
Lance Moore,NOR,WR
Mike Williams,TAM,WR
Cecil Shorts,JAC,WR
Randall Cobb,GNB,WR
Miles Austin,DAL,WR
Anquan Boldin,BAL,WR
Brandon Lloyd,NWE,WR
Justin Blackmon,JAC,WR
T.Y. Hilton,IND,WR
Jeremy Maclin,PHI,WR
Torrey Smith,BAL,WR
Mike Wallace,PIT,WR
Jeremy Kerley,NYJ,WR
Malcom Floyd,SDG,WR
Josh Gordon,CLE,WR
Dwayne Bowe,KAN,WR
Larry Fitzgerald,ARI,WR
Antonio Brown,PIT,WR
James Jones,GNB,WR
Donnie Avery,IND,WR
Davone Bess,MIA,WR
Andre Roberts,ARI,WR
Sidney Rice,SEA,WR
Nate Washington,TEN,WR
Jordy Nelson,GNB,WR
Denarius Moore,OAK,WR
DeSean Jackson,PHI,WR
Chris Givens,STL,WR
Hakeem Nicks,NYG,WR
Brandon Gibson,STL,WR
Golden Tate,SEA,WR
Percy Harvin,MIN,WR
Brandon LaFell,CAR,WR
Danny Amendola,STL,WR
Danario Alexander,SDG,WR
Jason Avant,PHI,WR
Greg Little,CLE,WR
Pierre Garcon,WAS,WR
Emmanuel Sanders,PIT,WR
Kendall Wright,TEN,WR
Darrius Heyward-Bey,OAK,WR
Kenny Britt,TEN,WR
Rod Streater,OAK,WR
Santana Moss,WAS,WR
Domenik Hixon,NYG,WR
Michael Floyd,ARI,WR
Brandon Stokley,DEN,WR
Leonard Hankerson,WAS,WR
Andrew Hawkins,CIN,WR
Kevin Walter,HOU,WR
Joshua Morgan,WAS,WR
Dexter McCluster,KAN,WR
Michael Jenkins,MIN,WR
Mario Manningham,SFO,WR
Donald Jones,BUF,WR
Kevin Ogletree,DAL,WR
Randy Moss,SFO,WR
Tiquan Underwood,TAM,WR
Jacoby Jones,BAL,WR
Harry Douglas,ATL,WR
Titus Young,DET,WR
Joseph Morgan,NOR,WR
Earl Bennett,CHI,WR
Alshon Jeffery,CHI,WR
Greg Jennings,GNB,WR
Doug Baldwin,SEA,WR
Louis Murphy,CAR,WR
Jon Baldwin,KAN,WR
Damian Williams,TEN,WR
T.J. Graham,BUF,WR
Devery Henderson,NOR,WR
Jarius Wright,MIN,WR
Ryan Broyles,DET,WR
Travis Benjamin,CLE,WR
Rueben Randle,NYG,WR
Chaz Schilens,NYJ,WR
Armon Binns,CIN,WR
Jerome Simpson,MIN,WR
Santonio Holmes,NYJ,WR
Austin Pettis,STL,WR
Derek Hagan,OAK,WR
Damaris Johnson,PHI,WR
Mohamed Massaquoi,CLE,WR
Stephen Hill,NYJ,WR
Laurent Robinson,JAC,WR
Riley Cooper,PHI,WR
Jordan Shipley,TAM,WR
Devin Hester,CHI,WR
Nate Burleson,DET,WR
Aldrick Robinson,WAS,WR
Julian Edelman,NWE,WR
Eddie Royal,SDG,WR
Clyde Gates,NYJ,WR
Dwayne Harris,DAL,WR
Ramses Barden,NYG,WR
Kyle Williams,SFO,WR
Brandon Tate,CIN,WR
Early Doucet,ARI,WR
Robert Meachem,SDG,WR
Jerricho Cotchery,PIT,WR
Marvin Jones,CIN,WR
Micheal Spurlock,SDG,WR
Braylon Edwards,NYJ,WR
LaVon Brazill,IND,WR
Devin Aromashodu,MIN,WR
Brian Quick,STL,WR
Mohamed Sanu,CIN,WR
Brad Smith,BUF,WR
Juron Criner,OAK,WR
Rishard Matthews,MIA,WR
Lestar Jean,HOU,WR
Deion Branch,NWE,WR
Jordan Norwood,CLE,WR
Steve Smith,STL,WR
Cole Beasley,DAL,WR
Kris Durham,DET,WR
Tandon Doss,BAL,WR
Armanti Edwards,CAR,WR
Marlon Moore,MIA,WR
Kevin Elliott,JAC,WR
Mike Thomas,DET,WR
Josh Cooper,CLE,WR
Matthew Willis,DEN,WR
DeVier Posey,HOU,WR
Keshawn Martin,HOU,WR
Terrance Copper,KAN,WR
Donald Driver,GNB,WR
Steve Breaston,KAN,WR
Jamar Newsome,KAN,WR
Jabar Gaffney,MIA,WR
David Reed,BAL,WR
Joshua Cribbs,CLE,WR
Donte' Stallworth,NWE,WR
Lavelle Hawkins,TEN,WR
Michael Preston,TEN,WR
Ben Obomanu,SEA,WR
Ryan Whalen,CIN,WR
Devon Wylie,KAN,WR
Deonte Thompson,BAL,WR
Seyi Ajirotutu,SDG,WR
Greg Camarillo,NOR,WR
Brian Robiskie,DET,WR
Kealoha Pilares,CAR,WR
Charly Martin,SEA,WR
Plaxico Burress,PIT,WR
Toney Clemons,JAC,WR
Ruvell Martin,BUF,WR
Drew Davis,ATL,WR
Stephen Burton,MIN,WR
Jermaine Kearse,SEA,WR
David Nelson,BUF,WR
Eric Weems,CHI,WR
Jarrett Boykin,GNB,WR
Kris Adams,IND,WR
Arrelious Benn,TAM,WR
Chris Owusu,TAM,WR
Dezmon Briscoe,WAS,WR
Jerrel Jernigan,NYG,WR
Legedu Naanee,MIA,WR
Andre Caldwell,DEN,WR
Trindon Holliday,DEN,WR
Jason Hill,NYJ,WR
Mardy Gilyard,PHI,WR
Brandon Banks,WAS,WR
Sammie Stroughter,TAM,WR
Jordan White,NYJ,WR
Anthony Armstrong,MIA,WR
Andre Holmes,DAL,WR
Courtney Roby,NOR,WR
LaRon Byrd,ARI,WR
Dane Sanzenbacher,CHI,WR
Joe Adams,CAR,WR
Isaiah Stanback,JAC,WR
Austin Collie,IND,WR
Ted Ginn Jr.,SFO,WR
Roscoe Parrish,TAM,WR
Mike Brown,JAC,WR
Richard Goodman,SDG,WR
Preston Parker,TAM,WR
Marvin McNutt,PHI,WR
A.J. Jenkins,SFO,WR
Kassim Osgood,DET,WR
Kevin Cone,ATL,WR
LaQuan Williams,BAL,WR
Patrick Turner,NYJ,WR
David Gettis,CAR,WR
Matthew Slater,NWE,WR
David Gilreath,PIT,WR
Nathan Palmer,IND,WR
Josh Bellamy,KAN,WR
Jeremy Ross,GNB,WR
Quan Cosby,JAC,WR
Marcus Easley,BUF,WR
Jason Whiten,DAL,TE
Jimmy Graham,NOR,TE
Tony Gonzalez,ATL,TE
Greg Olsen,CAR,TE
Heath Miller,PIT,TE
Brandon Myers,OAK,TE
Rob Gronkowski,NWE,TE
Jermaine Gresham,CIN,TE
Owen Daniels,HOU,TE
Brent Celek,PHI,TE
Dennis Pitta,BAL,TE
Jermichael Finley,GNB,TE
Martellus Bennett,NYG,TE
Scott Chandler,BUF,TE
Brandon Pettigrew,DET,TE
Jacob Tamme,DEN,TE
Vernon Davis,SFO,TE
Marcedes Lewis,JAC,TE
Antonio Gates,SDG,TE
Jared Cook,TEN,TE
Dwayne Allen,IND,TE
Lance Kendricks,STL,TE
Tony Scheffler,DET,TE
Benjamin Watson,CLE,TE
Kyle Rudolph,MIN,TE
Aaron Hernandez,NWE,TE
Tony Moeaki,KAN,TE
Dallas Clark,TAM,TE
Rob Housler,ARI,TE
Zach Miller,SEA,TE
Jeff Cumberland,NYJ,TE
Joel Dreessen,DEN,TE
Delanie Walker,SFO,TE
Anthony Fasano,MIA,TE
Fred Davis,WAS,TE
Dustin Keller,NYJ,TE
Logan Paulsen,WAS,TE
Anthony McCoy,SEA,TE
Coby Fleener,IND,TE
Craig Stevens,TEN,TE
Garrett Graham,HOU,TE
Kellen Davis,CHI,TE
Jordan Cameron,CLE,TE
Ed Dickson,BAL,TE
Charles Clay,MIA,TE
Tom Crabtree,GNB,TE
Clay Harbor,PHI,TE
Luke Stocker,TAM,TE
Niles Paul,WAS,TE
Will Heller,DET,TE
Jeff King,ARI,TE
Michael Hoomanawanui,NWE,TE
Orson Charles,CIN,TE
Dante Rosario,SDG,TE
Todd Heap,ARI,TE
David Ausberry,OAK,TE
James Hanna,DAL,TE
David Thomas,NOR,TE
Daniel Fells,NWE,TE
Matthew Mulligan,STL,TE
Konrad Reuland,NYJ,TE
Gary Barnidge,CAR,TE
Kevin Boss,KAN,TE
Virgil Green,DEN,TE
D.J. Williams,GNB,TE
Ladarius Green,SDG,TE
John Phillips,DAL,TE
Garrett Celek,SFO,TE
David Paulson,PIT,TE
Steve Maneri,KAN,TE
Randy McMichael,SDG,TE
Alex Smith,CLE,TE
Taylor Thompson,TEN,TE
John Carlson,MIN,TE
Kyle Adams,CHI,TE
Bear Pascoe,NYG,TE
Mike McNeill,STL,TE
Ben Hartsock,CAR,TE
Matt Spaeth,CHI,TE
Michael Palmer,ATL,TE
Cory Harkey,STL,TE
Jake O'Connell,KAN,TE
Nate Byham,TAM,TE
Hayden Smith,NYJ,TE
Weslye Saunders,IND,TE
Jim Dray,ARI,TE
Allen Reisner,MIN,TE
Lee Smith,BUF,TE
Kellen Winslow,NWE,TE
Ryan Taylor,GNB,TE
Chase Coffman,ATL,TE
Dedrick Epps,NYJ,TE
Leonard Pope,PIT,TE
Richard Gordon,OAK,TE
Chris Cooley,WAS,TE
Dominique Jones,IND,TE
Tommy Gallarda,ATL,TE
Evan Moore,PHI,TE
Zach Potter,JAC,TE
Brad Smelley,CLE,TE
Mike Leach,ARI,TE
Daniel Graham,NOR,TE
Jeron Mastrud,MIA,TE
Brian Jennings,SFO,TE
Justin Snow,WAS,TE
Visanthe Shiancoe,NWE,TE
Julius Thomas,DEN,TE
Colin Cloherty,JAC,TE
Maurice Stovall,JAC,TE
Travis Beckum,NYG,TE
Stephen Spach,JAC,TE
Billy Bajema,BAL,TE
Richie Brockel,CAR,TE
Michael Higgins,NOR,TE
Blair Walsh,MIN,K
Matt Bryant,ATL,K
Lawrence Tynes,NYG,K
Jason Hanson,DET,K
Shayne Graham,HOU,K
Sebastian Janikowski,OAK,K
Justin Tucker,BAL,K
Stephen Gostkowski,NWE,K
Dan Bailey,DAL,K
Phil Dawson,CLE,K
David Akers,SFO,K
Connor Barth,TAM,K
Shaun Suisham,PIT,K
Ryan Succop,KAN,K
Alex Henery,PHI,K
Adam Vinatieri,IND,K
Matt Prater,DEN,K
Rob Bironas,TEN,K
Jay Feely,ARI,K
Josh Scobee,JAC,K
Steven Hauschka,SEA,K
Greg Zuerlein,STL,K
Dan Carpenter,MIA,K
Robbie Gould,CHI,K
Mason Crosby,GNB,K
Rian Lindell,BUF,K
Nick Folk,NYJ,K
Mike Nugent,CIN,K
Nick Novak,SDG,K
Garrett Hartley,NOR,K
Kai Forbath,WAS,K
Josh Brown,CIN,K
Graham Gano,CAR,K
Nate Kaeding,MIA,K
Justin Medlock,CAR,K
Billy Cundiff,WAS,K
Olindo Mare,CHI,K
John Potter,BUF,K
Seattle Seahawks,SEA,DST
San Francisco 49ers,SFO,DST
Chicago Bears,CHI,DST
Denver Broncos,DEN,DST
Atlanta Falcons,ATL,DST
Pittsburgh Steelers,PIT,DST
Miami Dolphins,MIA,DST
Cincinnati Bengals,CIN,DST
New England Patriots,NWE,DST
Houston Texans,HOU,DST
Green Bay Packers,GNB,DST
Baltimore Ravens,BAL,DST
New York Giants,NYG,DST
Minnesota Vikings,MIN,DST
St. Louis Rams,STL,DST
San Diego Chargers,SDG,DST
Arizona Cardinals,ARI,DST
Carolina Panthers,CAR,DST
Cleveland Browns,CLE,DST
New York Jets,NYJ,DST
Indianapolis Colts,IND,DST
Washington Redskins,WAS,DST
Tampa Bay Buccaneers,TAM,DST
Dallas Cowboys,DAL,DST
Kansas City Chiefs,KAN,DST
Buffalo Bills,BUF,DST
Detroit Lions,DET,DST
Oakland Raiders,OAK,DST
Jacksonville Jaguars,JAC,DST
Philadelphia Eagles,PHI,DST
New Orleans Saints,NOR,DST
Tennessee Titans,TEN,DST
